name,type
A.M. Pharmacy Pte Ltd,pharmacy
ALPS PHARMACY,pharmacy
Admiralty Medical Centre Pharmacy,pharmacy
Airport Pharmacy,pharmacy
Alchemy Pharmacy,pharmacy
Alexandra Hospital Retail Pharmacy,pharmacy
Amber Compounding Pharmacy Pte Ltd,pharmacy
CELCODE DERMAL LAB PTE LTD,pharmacy
CGH Pharmacy B,pharmacy
CONCORD HEALTHCARE RETAIL PHARMACY,pharmacy
Child Guidance Clinic Health Promotion Board,pharmacy
Clinic B Pharmacy,pharmacy
Community Wellness Clinic Queenstown Pharmacy,pharmacy
Essentials Pharmacy,pharmacy
Farrer Park Pharmacy,pharmacy
GLENEAGLES HOSPITAL,pharmacy
GRACE HEALTHCARE,pharmacy
UrbanRx Compounding Pharmacy Pte Ltd,pharmacy
Vivahealth Pharmacy,pharmacy
WATSON'S PERSONAL CARE STORES PTE LTD (WATERWAY POINT),pharmacy
WATSONS PERSONAL CARE STORES (TIONG BAHRU PLAZA),pharmacy
WELCIA-BHG LOT ONE,pharmacy
WESTMEAD PHARMACY PTE LTD,pharmacy
WOODS PHARMACY PTE LTD,pharmacy
Haematology Pharmacy (Block 7),pharmacy
Healing Hub @ Ang Mo Kio - Thye Hua Kwan Hospital,pharmacy
Jurong Community Hospital Pharmacy,pharmacy
Jurong Medical Centre Pharmacy,pharmacy
KK Emergency Pharmacy,pharmacy
KK Outpatient Pharmacy,pharmacy
Khoo Teck Puat Hospital Pharmacy,pharmacy
MEDI-LINK PHARMACY,pharmacy
MOHAMED MUSTAFA & SAMSUDDIN CO PTE LTD (MUSTAFA CENTRE),pharmacy
MOUNT ELIZABETH NOVENA HOSPITAL PHARMACY,pharmacy
MT ALVERNIA HOSPITAL RETAIL PHARMACY,pharmacy
MUSTAFA PHARMACY,pharmacy
Manapharma Pharmacy,pharmacy
Mount Alvernia Hospital (Main Pharmacy),pharmacy
Mount Elizabeth Hospital,pharmacy
NATIONAL CANCER CENTRE PHARMACY (LEVEL 1),pharmacy
NATIONAL CANCER CENTRE PHARMACY (LEVEL 3),pharmacy
NATIONAL HEART CENTRE PHARMACY,pharmacy
NATIONAL SKIN CENTRE (S) PTE LTD (PHARMACY),pharmacy
NATIONAL UNIVERSITY HOSPITAL (S) PTE LTD (RETAIL PHARMACY),pharmacy
NATIONAL UNIVERSITY HOSPITAL(S) PTE LTD (MEDICAL CENTRE PHARMACY),pharmacy
NHG Pharmacy (CCK Polyclinic),pharmacy
National Addiction Management Services (NAMS) Clinic Pharmacy,pharmacy
National Centre for Infectious Disease (Outpatient Pharmacy),pharmacy
National University Hospital (s) Pte Ltd (Pharmacy @ NCIS),pharmacy
National University Hospital - Kent Ridge Wing Pharmacy,pharmacy
Ng Teng Fong General Hospital Outpatient & Retail Pharmacy,pharmacy
Nishino Pharmacy (Shaw House),pharmacy
Nishino Pharmacy (Takashimaya),pharmacy
P & L Pharmacy Pte Ltd,pharmacy
PARKWAY EAST HOSPITAL PHARMACY,pharmacy
PHARMACY @ CGH MEDICAL CENTRE,pharmacy
Pacific Pharmacy Pte Ltd,pharmacy
Pharmacy A Changi General Hospital,pharmacy
Pharmacy Services Centre NHG (Blk 9),pharmacy
Pharmacy@IB CGH (The Integrated Building),pharmacy
Princeton Pharmacy (S) Pte Ltd,pharmacy
Raffles Health Holland V,pharmacy
SGH BOWYER BLOCK PHARMACY,pharmacy
SGH OUTPATIENT PHARMACY (BLK 3),pharmacy
SGH Retail Pharmacy (Blk 4),pharmacy
SINGAPORE NATIONAL EYE CENTRE PTE LTD,pharmacy
SINGHEALTH POLY-OUTRAM,pharmacy
SMITH PHARMACY PTE LTD,pharmacy
ST ANDREW'S COMMUNITY HOSPITAL PHARMACY,pharmacy
ST LUKE'S HOSPITAL BLOCK A,pharmacy
SUMANG FAMILY PHARMACY,pharmacy
Sengkang General Hospital Outpatient Pharmacy,pharmacy
Singapore General Hospital Pharmacy,pharmacy
Specialist Compounding Pharmacy Pte Ltd,pharmacy
TAN TOCK SENG HOSPITAL PTE LTD (EMERGENCY PHARMACY),pharmacy
THE DENTAL PHARM,pharmacy
Tan Tock Seng Hospital (Outpatient & Retail Pharmacy),pharmacy
Tan Tock Seng Hospital (Pharmacy Level 2),pharmacy
The Japanese Association Clinic Singapore,pharmacy
Thomson Medical Centre,pharmacy
Southeast Alabama Medical Center,hospital
Marshall Medical Center South,hospital
Eliza Coffee Memorial Hospital,hospital
Mizell Memorial Hospital,hospital
Crenshaw Community Hospital,hospital
St Vincent's East,hospital
Dekalb Regional Medical Center,hospital
Shelby Baptist Medical Center,hospital
Callahan Eye Hospital,hospital
Helen Keller Memorial Hospital,hospital
Dale Medical Center,hospital
Floyd Cherokee Medical Center,hospital
Baptist Medical Center South,hospital
Jackson Hospital & Clinic Inc,hospital
East Alabama Medical Center,hospital
Tanner Medical Center-east Alabama,hospital
University Of Alabama Hospital,hospital
Community Hospital Inc,hospital
Cullman Regional Medical Center,hospital
Andalusia Health,hospital
Stringfellow Memorial Hospital,hospital
Huntsville Hospital,hospital
Gadsden Regional Medical Center,hospital
Marion Regional Medical Center,hospital
Fayette Medical Center,hospital
Riverview Regional Medical Center,hospital
Georgiana Medical Center,hospital
Medical Center Enterprise,hospital
Greene County Hospital,hospital
Lake Martin Community Hospital,hospital
Flowers Hospital,hospital
St Vincent's Birmingham,hospital
Bibb Medical Center,hospital
Lawrence Medical Center,hospital
Highlands Medical Center,hospital
Wiregrass Medical Center,hospital
Russell Medical Center,hospital
Medical Center Barbour,hospital
Clay County Hospital,hospital
Northeast Alabama Regional Medical Center,hospital
Athens Limestone Hospital,hospital
South Baldwin Regional Medical Center,hospital
Decatur Morgan Hospital-decatur Campus,hospital
Northwest Medical Center,hospital
University Of South Alabama Medical Center,hospital
Walker Baptist Medical Center,hospital
Providence Hospital,hospital
Grove Hill Memorial Hospital,hospital
D C H Regional Medical Center,hospital
Hale County Hospital,hospital
Elmore Community Hospital,hospital
D W Mcmillan Memorial Hospital,hospital
Thomas Hospital,hospital
Citizens Baptist Medical Center,hospital
J Paul Jones Hospital,hospital
Princeton Baptist Medical Center,hospital
Grandview Medical Center,hospital
Prattville Baptist Hospital,hospital
Pickens County Medical Center,hospital
Bullock County Hospital,hospital
Bryan W. Whitfield Memorial Hospital,hospital
Mobile Infirmary Medical Center,hospital
Medical West,hospital
Vaughan Regional Medical Center Parkway Campus,hospital
Monroe County Hospital,hospital
Lakeland Community Hospital,hospital
Troy Regional Medical Center,hospital
Jackson Medical Center,hospital
North Baldwin Infirmary,hospital
St Vincent's St Clair,hospital
Crestwood Medical Center,hospital
Hill Hospital Of Sumter County,hospital
Brookwood Baptist Medical Center,hospital
Springhill Memorial Hospital,hospital
Rmc Jacksonville,hospital
Evergreen Medical Center,hospital
Baptist Medical Center East,hospital
L V Stabler Memorial Hospital,hospital
Shoals Hospital,hospital
Russellville Hospital,hospital
Coosa Valley Medical Center,hospital
Jack Hughston Memorial Hospital,hospital
Atmore Community Hospital,hospital
St Vincent's Chilton,hospital
Washington County Hospital,hospital
Red Bay Hospital,hospital
Choctaw General Hospital,hospital
St Vincents Blount,hospital
Children's Hospital Of Alabama,hospital
University Of S A Children's And Women's Hos,hospital
Providence Alaska Medical Center,hospital
Mat-su Regional Medical Center,hospital
Bartlett Regional Hospital,hospital
Fairbanks Memorial Hospital,hospital
Alaska Regional Hospital,hospital
Yukon Kuskokwim Delta Reg Hospital,hospital
Central Peninsula General Hospital,hospital
Alaska Native Medical Center,hospital
Providence Valdez Medical Center,hospital
Providence Seward Hospital,hospital
Sitka Community Hospital,hospital
Petersburg Medical Center,hospital
Wrangell Medical Center,hospital
Providence Kodiak Island Medical Ctr,hospital
Cordova Community Medical Center,hospital
Norton Sound Regional Hospital,hospital
Kanakanak Hospital,hospital
Maniilaq Health Center,hospital
Ketchikan Medical Center,hospital
Samuel Simmonds Memorial Hospital,hospital
South Peninsula Hospital,hospital
Mt Edgecumbe Hospital,hospital
Banner - University Medical Center Phoenix,hospital
Tucson Medical Center,hospital
Verde Valley Medical Center,hospital
St. Mary's Hospital,hospital
St Joseph's Hospital,hospital
Yavapai Regional Medical Center,hospital
Yuma Regional Medical Center,hospital
John C. Lincoln North Mountain Hospital,hospital
Banner Casa Grande Medical Center,hospital
Maricopa Medical Center,hospital
Flagstaff Medical Center,hospital
St. Joseph's Hospital And Medical Center,hospital
Abrazo Central Campus,hospital
Chandler Regional Medical Center,hospital
St Luke's Medical Center,hospital
Scottsdale Osborn Medical Center,hospital
Canyon Vista Medical Center,hospital
Kingman Regional Medical Center,hospital
COVID CENTER 1,specialized center
COVID CENTER 2,specialized center
COVID CENTER 3,specialized center
COVID CENTER 4,specialized center
COVID CENTER 5,specialized center
COVID CENTER 6,specialized center
COVID CENTER 7,specialized center
COVID CENTER 8,specialized center
COVID CENTER 9,specialized center
COVID CENTER 10,specialized center
COVID CENTER 11,specialized center
COVID CENTER 12,specialized center
COVID CENTER 13,specialized center
COVID CENTER 14,specialized center
COVID CENTER 15,specialized center
COVID CENTER 16,specialized center
COVID CENTER 17,specialized center
COVID CENTER 18,specialized center
COVID CENTER 19,specialized center
COVID CENTER 20,specialized center
COVID CENTER 21,specialized center
COVID CENTER 22,specialized center
COVID CENTER 23,specialized center
COVID CENTER 24,specialized center
COVID CENTER 25,specialized center
COVID CENTER 26,specialized center
COVID CENTER 27,specialized center
COVID CENTER 28,specialized center
COVID CENTER 29,specialized center
COVID CENTER 30,specialized center
COVID CENTER 31,specialized center
COVID CENTER 32,specialized center
COVID CENTER 33,specialized center
COVID CENTER 34,specialized center
COVID CENTER 35,specialized center
COVID CENTER 36,specialized center
COVID CENTER 37,specialized center
COVID CENTER 38,specialized center
COVID CENTER 39,specialized center
COVID CENTER 40,specialized center
COVID CENTER 41,specialized center
COVID CENTER 42,specialized center
COVID CENTER 43,specialized center
COVID CENTER 44,specialized center
COVID CENTER 45,specialized center
COVID CENTER 46,specialized center
COVID CENTER 47,specialized center
COVID CENTER 48,specialized center
COVID CENTER 49,specialized center
COVID CENTER 50,specialized center
COVID CENTER 51,specialized center
COVID CENTER 52,specialized center
COVID CENTER 53,specialized center
COVID CENTER 54,specialized center
COVID CENTER 55,specialized center
COVID CENTER 56,specialized center
COVID CENTER 57,specialized center
COVID CENTER 58,specialized center
COVID CENTER 59,specialized center
COVID CENTER 60,specialized center
,
