id,ssn,name,surname,birthdate,city,phone,emergency_contact.name,emergency_contact.surname,emergency_contact.phone,emergency_contact.description
1,530-31-3653,Bunnie,Formigli,1983-09-14,Fenshui,720 374 4248,Raviv,Kenna,179 370 5630,Mom
2,840-34-3514,Cyril,Guinn,1959-10-02,Suwalan,421 255 4487,Sophia,Palfree,306 758 0191,Aunt
3,840-28-7698,Aldin,Sey,1944-01-10,Menggala,603 329 2923,Amil,Adamovsky,335 139 2339,Mom
4,320-30-0716,Arlene,Quantrill,2003-05-15,Tanqiao,896 671 9857,Tate,Mingasson,398 154 0847,Dad
5,704-47-5268,Grantham,Gelly,1980-04-20,Ageoshimo,164 259 8271,Delilah,Kuhnert,454 225 5115,Friend
6,151-75-5343,Colan,Duigenan,1946-07-02,Néa Palátia,810 134 1907,Faye,Lebarree,539 998 2871,Wife
7,775-35-5499,Vincent,Tewkesbury.,1971-05-07,Chonghe,184 441 6574,Marnie,Golsby,855 465 5451,Uncle
8,126-45-9306,Zandra,Hariot,1977-10-15,Sulang Tengah,899 310 3547,Mauricio,Andrivel,816 856 6533,Mom
9,885-39-0188,Almeta,Bramley,1957-03-27,Joroan,359 792 2955,Dieter,Glenn,561 164 9289,Wife
10,323-33-6451,Orton,Darinton,2006-04-15,Botigues,587 532 3424,Kandy,Spellessy,202 330 1755,Wife
11,520-56-4962,Sena,Beausang,1981-10-30,Hengli,816 599 6536,Chickie,Isaacs,421 719 0275,Dad
12,373-87-6811,Charmion,Jakov,1994-04-13,Palampal,247 170 4317,Anne,Donwell,962 362 9513,Daughter
13,688-45-7712,Julie,Eaton,1976-07-19,Innisfil,948 720 0744,Sylvia,Hunstone,152 730 6688,Dad
14,709-92-3163,Giustino,Meneyer,1991-08-14,Mamoudzou,595 306 7532,Carlota,Ewbank,841 787 7497,Dad
15,200-10-8849,Baudoin,Grishenkov,1952-03-21,Taraju,559 117 3816,Mattie,Armistead,434 851 3575,Daughter
16,260-01-5251,Dionisio,Petruk,1952-10-17,Maslovare,213 715 4284,Carrol,Grayshon,529 887 7436,Son
17,479-35-5575,Cassie,Jeffry,1958-05-06,Culasian,300 130 7718,Wren,Paty,271 535 7161,Uncle
18,435-44-6736,Jorgan,Mourgue,1999-04-11,Conner,194 683 4086,Sigvard,Libermore,611 864 4587,Uncle
19,498-73-2202,Johnath,Boldock,1967-10-31,Repki,253 412 8209,Ugo,Legon,223 396 7735,Dad
20,812-34-8577,Paco,Karppi,1958-01-24,Ciro Redondo,573 951 4827,Celeste,Maxstead,853 251 7634,Wife
21,744-86-4649,Jock,Pinhorn,1968-01-26,Boston,617 517 0433,Dulce,Drysdale,166 318 9994,Friend
22,732-83-3950,Eli,Skipping,1982-02-24,Mardīān,787 775 7972,Doe,Johannesson,924 376 0267,Husband
23,128-71-8890,Irene,Cominoli,1952-07-15,Shanshi,264 403 0919,Margi,McIlwraith,166 683 5152,Son
24,712-25-1860,Sallyanne,Clampton,1968-11-02,Nangewer,397 620 4699,Bonita,Behn,833 921 8505,Husband
25,420-21-8499,Kane,Spadelli,1957-08-17,Kalvola,810 826 7711,Hilton,Disbrey,570 786 2761,Wife
26,683-95-9975,Humfried,Hairyes,1998-08-29,Dzhubga,917 447 1398,Lynnea,McIver,113 728 8534,Husband
27,438-84-4134,Rodney,Oxtoby,1995-07-27,Chaoyangdong,654 735 7716,Kerry,Mancer,651 453 3317,Husband
28,701-12-1394,Dianemarie,Adamini,2000-09-26,Tršić,823 519 6752,Isacco,Kropach,218 101 7320,Uncle
29,391-33-6852,Iggie,Pietraszek,1960-04-07,Tanjungsari Barat,104 319 6221,Annalee,Burgan,901 829 4451,Aunt
30,875-24-5411,Rosella,Daleman,2004-02-13,Tha Wang Pha,570 834 6207,Shelton,Eagleston,836 251 0635,Daughter
31,543-45-6059,Wainwright,Moulster,1945-12-11,Baitu,670 623 7275,Layne,Parcall,725 839 5838,Daughter
32,890-70-2523,Babbie,Crinage,1976-09-23,Verkhnyaya Belka,132 886 9004,Chery,Forsbey,901 201 4636,Friend
33,746-52-5492,Kris,Bayston,1967-03-26,Miaoxi,757 485 2235,Julita,Roll,418 601 9015,Mom
34,817-17-8131,Lari,Sabin,1999-09-10,Décines-Charpieu,922 147 5333,Malchy,Hankard,366 525 7471,Friend
35,659-71-4514,Barrie,Di Boldi,2010-01-12,Qifang,743 442 3062,Orelie,Renny,789 628 0254,Friend
36,452-94-6548,Wilow,Littley,1963-08-28,Asaita,664 918 5190,Cristobal,Vanyard,346 572 2803,Aunt
37,472-87-2848,Ara,Holbury,1994-09-09,Ōgaki,514 864 7294,Giovanna,Lofty,909 681 9234,Son
38,147-26-1089,Carolyne,Burnham,1994-10-10,Putatbasiun,361 264 8465,Jaime,St Ledger,122 118 9820,Aunt
39,203-25-9117,Wilbert,Bugby,1947-03-03,Balkh,190 358 1558,Robenia,Rudgard,445 228 6463,Daughter
40,440-53-6778,Kylynn,Carayol,2011-12-05,Nansheng,437 981 5341,Trula,Echalier,807 501 5021,Wife
41,202-23-9431,Timothee,Dabs,1969-12-08,María la Baja,656 550 3273,Chadwick,Evanson,671 511 0533,Uncle
42,602-27-9685,Dodi,Jentgens,1993-06-30,Cangshi,883 355 0702,Clarisse,Simmings,342 804 6337,Uncle
43,591-34-9920,Cosmo,Kunes,1963-10-23,Enskededalen,383 754 8919,Marlowe,Sotheron,428 146 0033,Aunt
44,162-25-2914,Cyril,Brownsword,1966-06-28,Säffle,436 810 7364,Christan,Loveday,175 383 3044,Wife
45,564-15-4597,Valle,Camp,1951-08-16,Jianli,177 495 5089,Maia,Hindsberg,842 414 6797,Mom
46,265-65-0114,Chico,Marshman,1966-04-19,Nancy,979 499 2275,Elwood,Pedwell,292 560 9725,Mom
47,282-15-0376,Brena,Gillbey,1942-05-11,Alunda,329 815 1959,Kameko,Jakovijevic,184 608 5559,Wife
48,687-27-1994,Quintus,Domeney,1941-07-08,Zelenogorsk,514 131 2283,Olwen,Renoden,643 478 7384,Husband
49,516-78-2429,Morley,Walentynowicz,1989-02-08,Simpang,385 170 0144,Otha,Brecknock,347 840 7643,Aunt
50,645-20-3438,Blaire,Dench,1967-09-13,Yuty,220 696 0138,Clarance,Whatsize,558 778 9522,Aunt
51,475-01-8111,Irene,Liff,1976-05-28,Jinggan,563 988 9152,Cart,Bredbury,519 469 1110,Mom
52,388-05-3754,Darby,Cavie,1950-06-25,Douz,258 568 3410,Brena,Songhurst,616 425 9155,Friend
53,436-08-5417,Rolland,Philpots,1999-10-29,Próchoma,687 433 0676,Tymothy,O'Coskerry,666 894 6415,Husband
54,177-61-3787,Isahella,Rontree,1984-12-25,Shakhun’ya,229 384 5192,Akim,Abramino,481 520 6852,Uncle
55,616-29-9642,Darren,Shoemark,1959-07-18,Turan,468 355 7611,Farlay,Whorton,315 226 5366,Dad
56,676-58-4179,Melania,Spencock,1992-07-30,Arcachon,579 648 4524,Karol,MacAloren,144 983 6768,Son
57,520-66-8947,Burlie,Mingo,1971-07-07,Ares Tengah,593 972 1331,Doro,Nibloe,967 823 3981,Husband
58,633-74-0014,Gena,Jodlowski,1982-09-09,Shengli,804 644 5241,Holly-anne,Bail,513 310 9082,Mom
59,206-36-7222,Chantalle,Estcourt,1941-11-06,Demba,303 417 3916,Matias,Cholonin,724 863 4886,Dad
60,158-05-8345,Mahala,Ragsdale,1955-10-23,Včelná,760 194 4011,Johnette,Ravenshaw,917 351 1230,Wife
61,634-33-1856,Augustine,Winkell,1949-09-07,Independencia,182 933 4918,Kara,Varvell,598 337 0496,Dad
62,155-39-9236,Haywood,Sheryne,2007-07-29,Kebunan,643 207 0830,Howie,Waskett,724 269 4581,Husband
63,206-80-9976,Zacharia,Hoys,2000-06-09,Loukhi,586 898 9107,Zacharia,Josephi,269 949 2144,Aunt
64,626-12-3059,Inez,Godier,1954-05-16,Xiaohenglong,905 136 2469,Clint,McMillan,198 346 3585,Friend
65,226-41-0793,Claudina,Zuann,2003-01-05,Hiseti,109 659 9489,Thaddus,Parry,904 709 2703,Uncle
66,673-02-2079,Jackson,Brameld,2006-12-09,Aquin,608 319 4584,North,Theml,560 111 0065,Aunt
67,319-13-2878,Carma,Espinha,1960-11-09,Takanabe,242 573 6573,Theodor,Brand-Hardy,977 678 0547,Mom
68,815-27-5397,Pavla,Illingsworth,2003-11-14,Novi Pazar,635 288 7330,Angeline,Barbie,349 648 8213,Wife
69,567-06-2861,Jeralee,Petrie,2006-04-15,Langkou,529 895 3019,Tommie,Stockford,149 717 7630,Friend
70,223-75-8443,Tull,Bahike,1977-08-21,Camacha,270 334 3760,Derward,Venn,256 216 4826,Son
71,602-68-0059,Aindrea,Poure,1957-08-20,Mokopane,100 519 5050,Candida,Ackwood,498 924 4035,Mom
72,670-17-5113,Talia,Soan,2003-06-08,Aizi,594 666 4751,Milzie,McLanachan,416 888 5323,Husband
73,473-74-0654,Read,Scanes,1981-04-04,Conde,778 983 5582,Nolan,Saban,393 919 8384,Husband
74,249-57-2053,Reina,Fromant,1955-07-09,Jankovec,252 660 0879,Lulu,Tumility,786 644 4033,Son
75,267-37-1279,Dynah,Shewan,1948-08-11,Sultan Kudarat,827 959 1578,Jobi,Penley,105 108 9551,Dad
76,401-18-0779,Marlo,Vondracek,1956-10-18,Somita,683 389 7893,Crystal,Pie,202 675 0576,Uncle
77,555-92-7584,Ruy,Barnshaw,1958-08-23,Jince,257 798 6020,Steffane,Cansdell,929 207 4407,Husband
78,839-29-5881,Dukie,Moncey,1960-04-04,Cowansville,259 542 7161,Ernesto,Calbreath,923 978 3758,Wife
79,353-37-1803,Leicester,Boxell,1978-03-09,Najd al Jumā‘ī,805 281 9411,Roda,McKendo,273 700 8037,Aunt
80,431-49-3097,Derward,Staynes,1972-09-09,Greenhills,117 150 0792,Daryle,Carcas,861 916 4498,Uncle
81,330-50-7887,Sebastiano,Geekin,1964-09-08,Bejucal,296 429 0065,Marwin,Thomasen,493 971 1009,Mom
82,603-58-8768,Rowland,Thibodeaux,1987-02-26,Ma‘lūlā,470 243 7972,Evan,Oddboy,458 909 8368,Wife
83,853-50-6878,Zuzana,Yoslowitz,1983-03-02,Fayzabad,814 894 4167,Cyrillus,McSperron,704 258 4631,Daughter
84,813-92-9599,Aretha,Petican,1950-01-31,Haumeni,195 368 8068,Rainer,Knaggs,205 617 6518,Wife
85,142-73-7383,Dorthea,Bowater,1961-03-16,Simapu,743 480 5150,Carrissa,Antonietti,434 549 5021,Husband
86,192-55-6198,Emmery,Rubury,1986-05-10,Moganshan,675 189 6314,Bridgette,Sherington,619 807 6645,Husband
87,223-56-2125,Hailey,Gumbley,1988-04-26,Pujijie,514 903 5680,Mill,Jerrard,637 595 5019,Mom
88,267-26-6101,Adda,Mabee,1995-08-11,Yamada,384 189 5633,Chloette,Farndale,564 452 1546,Daughter
89,228-08-9584,Mathilda,McKeaveney,1989-12-08,Fyllingsdalen,745 599 2300,Darcy,Pechard,820 590 1102,Aunt
90,538-16-1710,Seward,Thistleton,1985-02-12,Pamotan,250 274 9051,Martin,Phaup,891 821 9477,Son
91,340-06-9116,Teddie,Cutforth,1959-09-20,Aral,438 971 9202,Trey,Jurasek,519 265 6362,Daughter
92,683-65-0500,Lem,Lowther,2008-09-23,Tam Bình,120 837 1123,Lynnet,Lingner,385 415 3714,Husband
93,207-41-2902,Cicily,Oppery,1993-06-04,Tazemmourt,989 568 4154,Annecorinne,Franciskiewicz,893 969 5586,Friend
94,623-64-2341,Emmalyn,Portinari,1983-10-16,Randu,614 586 2956,Cass,Romaines,294 170 5081,Daughter
95,846-07-8106,Susanne,Gubbin,1994-01-02,Mandala,385 359 2192,Cointon,Yewdell,148 892 6845,Mom
96,588-41-8385,Kipp,Cecely,1977-04-27,Cisewu,849 231 9183,Celine,Tingley,481 678 0790,Uncle
97,199-66-8113,Glori,Mompesson,1981-06-02,Ljusdal,166 959 5140,Georgeta,Frankiss,598 382 3721,Husband
98,474-19-8576,Lorri,Farans,1975-04-06,Lamadong,907 691 5012,Chadd,Pledger,838 293 7692,Friend
99,194-41-7851,Rhett,Langdridge,2005-12-04,Kvasiny,256 594 4427,Henrietta,Yanshonok,479 843 1074,Wife
100,210-89-0769,Eada,Yakushkin,1978-12-22,Guifeng,305 918 8045,Gabriel,Hrynczyk,270 156 5659,Mom
101,406-96-0060,Kameko,Pickworth,1990-04-06,Sharjah,217 667 3541,Vere,Schnieder,815 272 1191,Mom
102,614-47-1274,Gill,Rubega,1956-11-30,Rakiv Lis,108 687 1400,Jermaine,Ancell,640 604 3627,Friend
103,155-30-2139,Winfield,Deluca,1972-08-23,Datun,656 252 0280,Chadwick,Surguine,527 266 7792,Mom
104,875-72-3567,Sonia,Bevens,1982-11-19,Zhaojia,836 800 2149,Chandal,Fairweather,533 658 1397,Dad
105,632-66-1314,Esra,Caslin,1942-05-28,Gradizhsk,357 361 0588,Kriste,Mithan,777 411 8350,Dad
106,773-60-8876,Myrtia,Sowman,1956-05-09,Datuan,206 906 9760,Clareta,Burtwell,364 756 8080,Daughter
107,168-71-4539,Amara,Doe,1961-07-31,Prupuh,522 462 0695,Humbert,Dows,820 502 1325,Dad
108,188-16-1588,Yvette,Truswell,1983-02-08,Jönköping,630 903 8805,Joan,Mallon,192 666 6968,Dad
109,351-68-1923,Arlana,Boneham,1999-09-02,Hashtgerd,334 224 1494,Davey,Sandeland,248 296 0888,Dad
110,254-48-8977,Madelena,Caddock,1986-12-21,Cergy-Pontoise,886 196 3838,Amberly,Scogin,921 394 9140,Dad
111,353-40-1568,Roslyn,Vittel,2006-08-05,Guojiazhuang,589 573 5841,Jerrine,Caven,713 984 6011,Husband
112,712-35-4517,Rube,Knappen,1978-04-12,Jardín,753 356 0026,Jacky,Griffith,249 347 3877,Husband
113,156-45-1015,Sallyanne,Chasmor,1957-08-15,Jirjā,132 219 6048,Carree,Halley,254 151 9871,Husband
114,187-63-0425,Robbin,Lawtie,2008-08-11,Watodei,741 652 1617,Etheline,Bragger,938 445 8787,Daughter
115,122-63-6092,Simone,Le Count,1944-07-19,Javānrūd,108 548 4756,Archy,Spedding,908 925 3186,Wife
116,664-20-9139,Teddie,Casarili,1998-11-19,Fosses,846 930 6441,Eveline,Finker,436 200 1598,Mom
117,145-80-8099,Neile,Knowler,1958-03-14,Zamora,133 380 7851,Suzy,Jerisch,531 924 1057,Mom
118,386-69-9859,Catha,Tomkiss,1986-04-22,Liusi,170 515 0044,Veronica,Linck,280 683 7015,Wife
119,432-62-1313,Ulric,Cockell,1949-04-07,Fengjia,312 600 4192,Mayer,Waterhowse,339 844 5570,Dad
120,594-88-8633,Katharina,Mathiassen,1990-01-18,Jiangbu,830 586 6161,Latrena,Gietz,455 334 6557,Mom
121,827-30-9157,Arline,Shulem,1980-03-28,Obroshyne,607 203 8784,Conrad,Glandon,910 902 4340,Mom
122,761-73-4535,Haywood,Habert,1977-04-28,Thabazimbi,110 400 8927,Valerye,Di Dello,521 993 7366,Daughter
123,814-69-0074,Genni,Aizikovich,1960-03-07,Yangfeng,780 326 3923,Alethea,June,879 949 9724,Mom
124,115-37-8164,Helene,Mingotti,1986-03-13,Bedadung Kulon,776 431 7690,Kristian,Parnell,123 574 3289,Wife
125,890-51-4471,Che,Cornbell,2006-03-04,Kiszkowo,624 683 6686,Gerald,Britten,439 294 7330,Dad
126,693-58-3246,Lyon,Dobbins,1988-08-16,‘Ayn al Bayḑā,516 518 7675,Anette,Philippault,958 808 6368,Daughter
127,896-39-4750,Maxim,Elsby,1971-12-13,Kokhanava,185 788 9771,Pepito,Ringham,758 765 9899,Friend
128,687-48-9976,Lannie,Meegin,1950-03-18,Parksville,927 721 3913,Purcell,Annice,901 977 4728,Wife
129,252-41-6149,Tracie,Abethell,1979-02-11,Baota,918 665 7546,Nico,Strowthers,191 538 4222,Daughter
130,779-85-4473,Paddy,Finkle,1986-01-10,Magisterial,988 292 4157,Phyllis,Evans,670 836 2022,Aunt
131,328-66-2197,Hendrika,Dancer,2000-04-30,Bełżec,118 635 1399,Gisella,Copestake,491 262 9511,Husband
132,720-65-8419,Mace,Mayler,1983-03-28,Port Washington,516 349 9177,Cory,Gatfield,970 403 6648,Mom
133,190-02-0013,Rebecca,Heskin,1971-01-13,Cachimayo,337 319 8113,Clareta,Housin,410 589 6934,Mom
134,479-74-9023,Orelle,Sutherden,1987-11-05,Yingde’er,515 240 7370,Evan,Speedy,913 977 2114,Son
135,407-51-9975,Maressa,Adamsky,1975-11-08,Qingshandi,423 764 2285,Marris,Murphy,614 894 4876,Aunt
136,180-53-2266,Joline,Lening,1960-11-07,Goranboy,264 731 9881,Karyl,Pert,210 459 3000,Mom
137,652-90-4576,Husein,Arrow,2006-04-03,Jomda,251 737 3636,Gretal,Wathen,501 800 0598,Uncle
138,627-89-0756,Lissie,Riepl,1973-03-11,Tân An,702 702 3749,Shane,Infantino,598 540 2009,Aunt
139,120-91-7529,Marena,Warrilow,1983-09-22,Oslo,818 428 8086,Valene,Downage,681 674 6212,Dad
140,867-84-0938,Frankie,Shory,1988-07-01,Gracias,247 678 9734,Onfroi,Shulver,545 421 5005,Uncle
141,327-31-7086,Nehemiah,Costerd,1980-05-27,Qarshi,714 914 6302,Alaster,Ovenden,598 311 2606,Mom
142,827-52-6779,Mireille,Stoop,1983-09-20,Congas,208 592 1073,Christos,Alger,448 671 2009,Uncle
143,694-23-2513,Nikola,Gandley,1998-01-04,Bordeaux,570 295 4797,Berte,Davidy,781 591 7774,Mom
144,756-80-2280,Amelina,Livesay,2008-10-29,El Cardo,323 540 8396,Dion,Lerigo,174 828 9697,Mom
145,348-02-2409,Claire,Ivison,1967-10-15,Changcun,506 707 0918,Ashli,Hansemann,902 241 9780,Son
146,266-31-3518,Adorne,Flemmich,1948-10-12,Sami,527 277 8836,Livvy,Bengochea,288 812 5995,Husband
147,471-95-2993,Baxy,Viant,1978-08-17,Nusajaya,585 213 4983,Derril,Pagel,695 801 3467,Husband
148,667-38-0432,Erma,Menezes,1994-08-04,Shuigou’ao,707 239 0761,Juan,Guilloud,728 746 2076,Mom
149,383-75-0672,Northrup,Jervis,1978-10-04,Tondano,798 901 2850,Carlin,Coumbe,326 926 2363,Mom
150,157-32-9677,Eddie,Bartram,1983-05-09,Sungaibengkal,683 409 2351,Harlin,Whyke,182 378 0341,Son
151,523-85-9236,Alick,de Almeida,1984-06-14,Chengxiang,320 773 1486,Justina,Cominello,996 863 7929,Son
152,880-26-1221,Ossie,Venart,1971-04-11,Tucdao,194 517 0803,Cosme,Morecombe,563 221 2834,Husband
153,409-47-7123,Wilhelmine,Gerardot,1990-01-25,Bahui,272 222 7159,Freeland,Padly,559 663 7574,Mom
154,671-21-3362,Jamey,Harrild,1986-08-11,Cartagena,312 356 1996,Viviyan,Smallsman,669 935 1291,Dad
155,578-45-6636,Tomasina,Heavyside,1981-04-03,Luobei,484 539 6614,Rosalyn,Belliss,296 319 7904,Aunt
156,609-25-2232,Inessa,Curle,1974-01-08,Margoyoso,854 127 8868,Roy,Glancy,264 836 7275,Husband
157,855-26-9738,Egan,McFarland,2006-11-01,Chocope,727 611 2185,Danyelle,MacCorkell,739 237 0393,Mom
158,722-92-6441,Crysta,Hoffman,1987-05-28,Pancas,742 624 8520,Bryan,Castiblanco,671 371 5921,Friend
159,697-48-5457,Nickie,Anersen,1953-05-04,Shangmofang,195 924 0138,Cherie,Yardy,343 365 7694,Friend
160,236-05-2926,Lucian,McSperron,1943-12-18,Vazante,604 167 2489,Rosmunda,Wicks,840 437 0612,Friend
161,365-59-8971,Ringo,Rougier,2006-08-07,Estacion,896 418 9920,Patrizio,Mantha,266 542 0040,Wife
162,589-93-4791,Deloria,Ealles,1994-02-02,Oropós,131 271 0001,Broddie,Meryett,950 977 9343,Friend
163,173-21-9051,Derward,Spurling,1956-01-07,Cercal,639 452 8510,Lindy,Brumfitt,480 535 8516,Mom
164,495-26-8721,Noemi,Georgius,1970-11-03,Akune,800 229 9508,Merry,Wiz,943 160 4196,Friend
165,823-62-0792,Bridget,Ledgeway,2011-05-15,Binucayan,966 808 0778,Gerald,Stonehewer,143 950 4052,Wife
166,835-55-9338,Kristina,Volkes,1974-01-25,Xushangqiao,135 614 0065,Cthrine,Pithie,267 847 0850,Mom
167,627-94-3928,Anselm,Sims,1953-02-06,Pyhäranta,526 378 8823,Lodovico,Torald,217 783 2871,Uncle
168,580-28-2698,Barnebas,Iscowitz,1956-05-17,Torres Vedras,746 728 8269,Ilyssa,Eaton,446 515 9117,Husband
169,207-57-2296,Randie,Dafter,1984-03-09,Yangmiao,582 899 4191,Retha,Ebbing,432 856 9506,Mom
170,173-39-5889,Earvin,Pawels,1987-11-21,Montor Timur,366 262 7047,Chuck,Renzini,818 132 7818,Dad
171,566-48-6761,Nikola,Burtwell,1971-06-24,Shimen,161 190 5721,Florina,Newlin,168 954 5014,Son
172,172-92-0365,Brittaney,Amott,1994-09-01,West Island,817 154 2761,Feliza,Dailly,703 488 7279,Daughter
173,131-72-3238,Ely,Gillbee,1992-06-02,Nāḩīyat Saddat al Hindīyah,765 400 0202,Dunc,Kulas,719 213 9025,Daughter
174,783-29-0552,Gareth,Pietroni,1954-08-26,San Juan de Limay,737 427 4719,Jami,Maffia,774 274 2052,Friend
175,352-01-2508,Donnie,Tribell,2005-05-17,Xiaocun,250 298 8923,Fabio,Stebbing,991 846 5365,Friend
176,497-75-9386,Hashim,Rankin,2004-01-23,Pateros,385 412 5050,Shalne,Hurley,733 950 7684,Son
177,464-59-1623,Garreth,Dallas,1973-07-17,Hongguang,232 716 7785,Konrad,Massimi,863 785 3215,Dad
178,737-78-2980,Steffi,Whittick,1997-11-28,Poá,413 324 5488,Fitzgerald,Grosvenor,924 188 3067,Friend
179,626-36-7912,Valaree,Pallister,2002-02-19,Las Palmas,556 866 5795,Cinnamon,Izakof,283 556 1209,Uncle
180,619-96-1690,Cly,Laviss,1989-06-29,Ebak,668 125 1006,Eimile,Corran,903 326 7531,Mom
181,636-75-2256,Andee,Fullman,1966-03-03,Al Qaţīf,707 600 4958,Hephzibah,Ipgrave,816 766 8197,Husband
182,557-36-0329,Pollyanna,Ettels,2011-07-03,Mora,702 650 0036,Ky,Iverson,874 343 5515,Friend
183,324-98-9062,Tedi,Markwell,1979-10-29,Hebeitun,403 701 2606,Margery,Amberson,410 857 7438,Dad
184,745-35-5450,Alena,Jammes,1984-07-14,Abades,457 463 6813,Amanda,Peers,536 905 8252,Friend
185,245-58-6127,Elena,Frankish,1941-03-21,Huddinge,306 454 8742,Tomaso,Dufaur,125 719 8922,Husband
186,321-37-3242,Leonie,Leopold,1963-07-23,Zhouling,434 130 3835,Axe,Swannack,512 789 9403,Mom
187,778-69-6221,Devlen,Cordel,1982-07-03,Vostryakovo,736 566 4971,Karlik,Whye,121 850 6305,Husband
188,680-20-1611,Holli,Danter,1984-08-13,Luthu,723 965 2718,Maurene,Daymont,777 368 8115,Dad
189,185-12-1795,Ardyce,Arckoll,1947-01-06,Addis Ababa,801 680 9777,Warner,Marian,995 434 6970,Dad
190,407-09-0053,Jermaine,Oxtiby,1996-06-08,Governador Valadares,640 390 8186,Bertrando,Newham,896 849 4367,Husband
191,259-20-4225,Ailee,Gain,1942-10-21,Mibu,363 859 9646,Carny,Carlucci,543 637 3245,Husband
192,836-61-1239,Jud,McCauley,1966-06-03,La Reforma,672 222 5518,Frasier,Jobern,836 247 3469,Aunt
193,422-03-1868,Aldis,Whitesel,1967-11-04,Paripiranga,434 671 0853,Jed,Keohane,585 955 5763,Wife
194,180-13-3401,Marnie,Risely,2004-12-04,Ābdānān,230 974 1594,Devondra,Magner,528 897 8638,Mom
195,139-31-7285,Karlotte,Trotton,1949-03-12,Kablukan,975 532 9070,Latrina,Peeter,432 354 4723,Husband
196,170-27-3210,Rufe,Richold,1984-12-29,Suzhou,631 710 8974,Lindy,Strelitzer,114 619 7360,Friend
197,861-55-2941,Latashia,Di Biaggi,1965-11-10,Temryuk,398 911 5325,Robinson,Horbath,467 180 7034,Wife
198,152-72-9420,Nerte,Deegan,1994-07-21,Noginsk-9,509 896 5434,Noni,Tolotti,911 835 6414,Dad
199,209-03-5825,Erhard,Castanaga,1959-10-29,Jasieniec,996 918 7804,Loni,Ferrers,417 493 7516,Uncle
200,328-80-5542,Deanne,Newitt,1990-07-16,U Minh,602 983 0570,Alasteir,Bobasch,536 852 6830,Wife
